{
  "accuracy": 0.985,
  "f1_macro": 0.9849327418947672,
  "f1_weighted": 0.9849327418947672,
  "per_class": {
    "billing": {
      "precision": 0.975609756097561,
      "recall": 1.0,
      "f1-score": 0.9876543209876543,
      "support": 40.0
    },
    "complaint": {
      "precision": 0.975609756097561,
      "recall": 1.0,
      "f1-score": 0.9876543209876543,
      "support": 40.0
    },
    "feature_request": {
      "precision": 0.975609756097561,
      "recall": 1.0,
      "f1-score": 0.9876543209876543,
      "support": 40.0
    },
    "other": {
      "precision": 1.0,
      "recall": 0.95,
      "f1-score": 0.9743589743589743,
      "support": 40.0
    },
    "technical_issue": {
      "precision": 1.0,
      "recall": 0.975,
      "f1-score": 0.9873417721518988,
      "support": 40.0
    },
    "accuracy": 0.985,
    "macro avg": {
      "precision": 0.9853658536585366,
      "recall": 0.985,
      "f1-score": 0.9849327418947672,
      "support": 200.0
    },
    "weighted avg": {
      "precision": 0.9853658536585366,
      "recall": 0.985,
      "f1-score": 0.9849327418947672,
      "support": 200.0
    }
  },
  "confusion_matrix": {
    "billing": {
      "billing": 40,
      "complaint": 0,
      "feature_request": 0,
      "other": 1,
      "technical_issue": 0
    },
    "complaint": {
      "billing": 0,
      "complaint": 40,
      "feature_request": 0,
      "other": 0,
      "technical_issue": 1
    },
    "feature_request": {
      "billing": 0,
      "complaint": 0,
      "feature_request": 40,
      "other": 1,
      "technical_issue": 0
    },
    "other": {
      "billing": 0,
      "complaint": 0,
      "feature_request": 0,
      "other": 38,
      "technical_issue": 0
    },
    "technical_issue": {
      "billing": 0,
      "complaint": 0,
      "feature_request": 0,
      "other": 0,
      "technical_issue": 39
    }
  },
  "n_test": 200
}